{
  "project_info": {
    "project_number": "941962963796",
    "firebase_url": "https://dbsync-6dabf.firebaseio.com",
    "project_id": "dbsync-6dabf",
    "storage_bucket": "dbsync-6dabf.appspot.com"
  },
  "client": [
    {
      "client_info": {
        "mobilesdk_app_id": "1:941962963796:android:218c776df1265571",
        "android_client_info": {
          "package_name": "com.example.shree.dbsync"
        }
      },
      "oauth_client": [
        {
          "client_id": "941962963796-37v6fspgnla9v3423n9uuq55dlrv43io.apps.googleusercontent.com",
          "client_type": 1,
          "android_info": {
            "package_name": "com.example.shree.dbsync",
            "certificate_hash": "67a40a76664617fd1e8081229e71698c17ec6307"
          }
        },
        {
          "client_id": "941962963796-9qoj2gbooda4iiubkrl4tj90j7f1sdoq.apps.googleusercontent.com",
          "client_type": 3
        }
      ],
      "api_key": [
        {
          "current_key": "AIzaSyDUOG9oEZqxBTUexCUZhlfhGdEsJPx8BrY"
        }
      ],
      "services": {
        "analytics_service": {
          "status": 1
        },
        "appinvite_service": {
          "status": 2,
          "other_platform_oauth_client": [
            {
              "client_id": "941962963796-9qoj2gbooda4iiubkrl4tj90j7f1sdoq.apps.googleusercontent.com",
              "client_type": 3
            }
          ]
        },
        "ads_service": {
          "status": 2
        }
      }
    }
  ],
  "configuration_version": "1"
}